{
  "strands": [
    {
      "type": "Strand",
      "index": 0,
      "start": {
        "x": 984.3928385538081,
        "y": 422.6530731883334
      },
      "end": {
        "x": 875.4346166231114,
        "y": 463.2499434334772
      },
      "width": 46,
      "color": {
        "r": 85,
        "g": 0,
        "b": 255,
        "a": 255
      },
      "stroke_color": {
        "r": 0,
        "g": 0,
        "b": 0,
        "a": 255
      },
      "stroke_width": 4,
      "has_circles": [
        true,
        true
      ],
      "layer_name": "1_1",
      "set_number": 1,
      "is_first_strand": true,
      "is_start_side": true
    },
    {
      "type": "Strand",
      "index": 1,
      "start": {
        "x": 909.6152924658879,
        "y": 388.47239734555694
      },
      "end": {
        "x": 950.2121627110317,
        "y": 497.43061927625365
      },
      "width": 46,
      "color": {
        "r": 255,
        "g": 156,
        "b": 90,
        "a": 255
      },
      "stroke_color": {
        "r": 0,
        "g": 0,
        "b": 0,
        "a": 255
      },
      "stroke_width": 4,
      "has_circles": [
        true,
        true
      ],
      "layer_name": "2_1",
      "set_number": 2,
      "is_first_strand": true,
      "is_start_side": true
    },
    {
      "type": "AttachedStrand",
      "index": 2,
      "start": {
        "x": 984.3928385538081,
        "y": 422.6530731883334
      },
      "end": {
        "x": 860.2691370224335,
        "y": 555.7594468830224
      },
      "width": 46,
      "color": {
        "r": 85,
        "g": 0,
        "b": 255,
        "a": 255
      },
      "stroke_color": {
        "r": 0,
        "g": 0,
        "b": 0,
        "a": 255
      },
      "stroke_width": 4,
      "has_circles": [
        true,
        false
      ],
      "layer_name": "1_2",
      "set_number": 1,
      "is_first_strand": false,
      "is_start_side": false,
      "parent_index": "1_1"
    },
    {
      "type": "AttachedStrand",
      "index": 3,
      "start": {
        "x": 875.4346166231114,
        "y": 463.2499434334772
      },
      "end": {
        "x": 999.5583181544862,
        "y": 330.14356973878813
      },
      "width": 46,
      "color": {
        "r": 85,
        "g": 0,
        "b": 255,
        "a": 255
      },
      "stroke_color": {
        "r": 0,
        "g": 0,
        "b": 0,
        "a": 255
      },
      "stroke_width": 4,
      "has_circles": [
        true,
        false
      ],
      "layer_name": "1_3",
      "set_number": 1,
      "is_first_strand": false,
      "is_start_side": false,
      "parent_index": "1_1"
    },
    {
      "type": "AttachedStrand",
      "index": 4,
      "start": {
        "x": 950.2121627110317,
        "y": 497.43061927625365
      },
      "end": {
        "x": 817.1057890163427,
        "y": 373.30691774487894
      },
      "width": 46,
      "color": {
        "r": 255,
        "g": 156,
        "b": 90,
        "a": 255
      },
      "stroke_color": {
        "r": 0,
        "g": 0,
        "b": 0,
        "a": 255
      },
      "stroke_width": 4,
      "has_circles": [
        true,
        false
      ],
      "layer_name": "2_2",
      "set_number": 2,
      "is_first_strand": false,
      "is_start_side": false,
      "parent_index": "2_1"
    },
    {
      "type": "AttachedStrand",
      "index": 5,
      "start": {
        "x": 909.6152924658879,
        "y": 388.47239734555694
      },
      "end": {
        "x": 1042.721666160577,
        "y": 512.5960988769316
      },
      "width": 46,
      "color": {
        "r": 255,
        "g": 156,
        "b": 90,
        "a": 255
      },
      "stroke_color": {
        "r": 0,
        "g": 0,
        "b": 0,
        "a": 255
      },
      "stroke_width": 4,
      "has_circles": [
        true,
        false
      ],
      "layer_name": "2_3",
      "set_number": 2,
      "is_first_strand": false,
      "is_start_side": false,
      "parent_index": "2_1"
    },
    {
      "type": "MaskedStrand",
      "index": 6,
      "start": {
        "x": 984.3928385538081,
        "y": 422.6530731883334
      },
      "end": {
        "x": 860.2691370224335,
        "y": 555.7594468830224
      },
      "width": 46,
      "color": {
        "r": 85,
        "g": 0,
        "b": 255,
        "a": 255
      },
      "stroke_color": {
        "r": 0,
        "g": 0,
        "b": 0,
        "a": 255
      },
      "stroke_width": 4,
      "has_circles": [
        true,
        false
      ],
      "layer_name": "1_2_2_3",
      "set_number": 12,
      "is_first_strand": false,
      "is_start_side": true,
      "first_selected_strand": "1_2",
      "second_selected_strand": "2_3"
    },
    {
      "type": "MaskedStrand",
      "index": 7,
      "start": {
        "x": 875.4346166231114,
        "y": 463.2499434334772
      },
      "end": {
        "x": 999.5583181544862,
        "y": 330.14356973878813
      },
      "width": 46,
      "color": {
        "r": 85,
        "g": 0,
        "b": 255,
        "a": 255
      },
      "stroke_color": {
        "r": 0,
        "g": 0,
        "b": 0,
        "a": 255
      },
      "stroke_width": 4,
      "has_circles": [
        true,
        false
      ],
      "layer_name": "1_3_2_2",
      "set_number": 12,
      "is_first_strand": false,
      "is_start_side": true,
      "first_selected_strand": "1_3",
      "second_selected_strand": "2_2"
    }
  ],
  "groups": {
    "1x1": {
      "layers": [
        "1_1",
        "2_1",
        "1_2",
        "1_3",
        "2_2",
        "2_3",
        "1_2_2_3",
        "1_3_2_2"
      ],
      "strands": [
        {
          "layer_name": "1_1",
          "start": {
            "x": 984.3928385538081,
            "y": 422.6530731883334
          },
          "end": {
            "x": 875.4346166231114,
            "y": 463.2499434334772
          },
          "width": 46,
          "color": {
            "r": 85,
            "g": 0,
            "b": 255,
            "a": 255
          },
          "is_masked": false,
          "attached_to": [
            2,
            3
          ],
          "has_circles": [
            true,
            true
          ]
        },
        {
          "layer_name": "1_2",
          "start": {
            "x": 984.3928385538081,
            "y": 422.6530731883334
          },
          "end": {
            "x": 860.2691370224335,
            "y": 555.7594468830224
          },
          "width": 46,
          "color": {
            "r": 85,
            "g": 0,
            "b": 255,
            "a": 255
          },
          "is_masked": false,
          "attached_to": [],
          "has_circles": [
            true,
            false
          ]
        },
        {
          "layer_name": "1_3",
          "start": {
            "x": 875.4346166231114,
            "y": 463.2499434334772
          },
          "end": {
            "x": 999.5583181544862,
            "y": 330.14356973878813
          },
          "width": 46,
          "color": {
            "r": 85,
            "g": 0,
            "b": 255,
            "a": 255
          },
          "is_masked": false,
          "attached_to": [],
          "has_circles": [
            true,
            false
          ]
        },
        {
          "layer_name": "2_1",
          "start": {
            "x": 909.6152924658879,
            "y": 388.47239734555694
          },
          "end": {
            "x": 950.2121627110317,
            "y": 497.43061927625365
          },
          "width": 46,
          "color": {
            "r": 255,
            "g": 156,
            "b": 90,
            "a": 255
          },
          "is_masked": false,
          "attached_to": [
            4,
            5
          ],
          "has_circles": [
            true,
            true
          ]
        },
        {
          "layer_name": "2_2",
          "start": {
            "x": 950.2121627110317,