{
  "strands": [
    {
      "type": "Strand",
      "index": 0,
      "start": {
        "x": 693.5244793346635,
        "y": 424.5369070903463
      },
      "end": {
        "x": 427.6263860213674,
        "y": 471.42191506041763
      },
      "width": 55,
      "color": {
        "r": 128,
        "g": 0,
        "b": 128,
        "a": 255
      },
      "stroke_color": {
        "r": 0,
        "g": 0,
        "b": 0,
        "a": 255
      },
      "stroke_width": 5,
      "has_circles": [
        false,
        true
      ],
      "layer_name": "1_1",
      "set_number": 1,
      "is_first_strand": true,
      "is_start_side": true
    },
    {
      "type": "AttachedStrand",
      "index": 1,
      "start": {
        "x": 427.6263860213674,
        "y": 471.42191506041763
      },
      "end": {
        "x": 544.0908769931511,
        "y": 268.10929286818055
      },
      "width": 55,
      "color": {
        "r": 128,
        "g": 0,
        "b": 128,
        "a": 255
      },
      "stroke_color": {
        "r": 0,
        "g": 0,
        "b": 0,
        "a": 255
      },
      "stroke_width": 5,
      "has_circles": [
        true,
        true
      ],
      "layer_name": "1_2",
      "set_number": 1,
      "is_first_strand": false,
      "is_start_side": false,
      "parent_index": "1_1"
    },
    {
      "type": "AttachedStrand",
      "index": 2,
      "start": {
        "x": 544.0908769931511,
        "y": 268.10929286818055
      },
      "end": {
        "x": 436.33283729170194,
        "y": 348.03553936894474
      },
      "width": 55,
      "color": {
        "r": 128,
        "g": 0,
        "b": 128,
        "a": 255
      },
      "stroke_color": {
        "r": 0,
        "g": 0,
        "b": 0,
        "a": 255
      },
      "stroke_width": 5,
      "has_circles": [
        true,
        true
      ],
      "layer_name": "1_3",
      "set_number": 1,
      "is_first_strand": false,
      "is_start_side": false,
      "parent_index": "1_2"
    },
    {
      "type": "AttachedStrand",
      "index": 3,
      "start": {
        "x": 436.33283729170194,
        "y": 348.03553936894474
      },
      "end": {
        "x": 351.1971454609299,
        "y": 210.73326707712934
      },
      "width": 55,
      "color": {
        "r": 128,
        "g": 0,
        "b": 128,
        "a": 255
      },
      "stroke_color": {
        "r": 0,
        "g": 0,
        "b": 0,
        "a": 255
      },
      "stroke_width": 5,
      "has_circles": [
        true,
        true
      ],
      "layer_name": "1_4",
      "set_number": 1,
      "is_first_strand": false,
      "is_start_side": false,
      "parent_index": "1_3"
    },
    {
      "type": "AttachedStrand",
      "index": 4,
      "start": {
        "x": 351.1971454609299,
        "y": 210.73326707712934
      },
      "end": {
        "x": 483.7180627837605,
        "y": 171.57756487080678
      },
      "width": 55,
      "color": {
        "r": 128,
        "g": 0,
        "b": 128,
        "a": 255
      },
      "stroke_color": {
        "r": 0,
        "g": 0,
        "b": 0,
        "a": 255
      },
      "stroke_width": 5,
      "has_circles": [
        true,
        false
      ],
      "layer_name": "1_5",
      "set_number": 1,
      "is_first_strand": false,
      "is_start_side": false,
      "parent_index": "1_4"
    },
    {
      "type": "Strand",
      "index": 5,
      "start": {
        "x": 635,
        "y": 577
      },
      "end": {
        "x": 611,
        "y": 316
      },
      "width": 55,
      "color": {
        "r": 128,
        "g": 0,
        "b": 128,
        "a": 255
      },
      "stroke_color": {
        "r": 0,
        "g": 0,
        "b": 0,
        "a": 255
      },
      "stroke_width": 5,
      "has_circles": [
        false,
        false
      ],
      "layer_name": "2_1",
      "set_number": 2,
      "is_first_strand": true,
      "is_start_side": true
    },
    {
      "type": "MaskedStrand",
      "index": 6,
      "start": {
        "x": 710.5165367157924,
        "y": 375.6746198028769
      },
      "end": {
        "x": 460.17689598275996,
        "y": 476.8184000251732
      },
      "width": 55,
      "color": {
        "r": 128,
        "g": 0,
        "b": 128,
        "a": 255
      },
      "stroke_color": {
        "r": 0,
        "g": 0,
        "b": 0,
        "a": 255
      },
      "stroke_width": 5,
      "has_circles": [
        false,
        true
      ],
      "layer_name": "1_1_2_1",
      "set_number": 12,
      "is_first_strand": false,
      "is_start_side": true,
      "first_selected_strand": "1_1",
      "second_selected_strand": "2_1"
    }
  ],
  "groups": {
    "aaa": {
      "layers": [
        "1_1",
        "1_2",
        "1_3",
        "1_4",
        "1_5"
      ],
      "strands": [
        {
          "layer_name": "1_1",
          "start": {
            "x": 693.5244793346635,
            "y": 424.5369070903463
          },
          "end": {
            "x": 427.6263860213674,
            "y": 471.42191506041763
          },
          "width": 55,
          "color": {
            "r": 128,
            "g": 0,
            "b": 128,
            "a": 255
          },
          "is_masked": false,
          "attached_to": [
            1
          ],
          "has_circles": [
            false,
            true
          ]
        },
        {
          "layer_name": "1_2",
          "start": {
            "x": 427.6263860213674,
            "y": 471.42191506041763
          },
          "end": {
            "x": 544.0908769931511,
            "y": 268.10929286818055
          },
          "width": 55,
          "color": {
            "r": 128,
            "g": 0,
            "b": 128,
            "a": 255
          },
          "is_masked": false,
          "attached_to": [
            2
          ],
          "has_circles": [
            true,
            true
          ]
        },
        {
          "layer_name": "1_3",
          "start": {
            "x": 544.0908769931511,
            "y": 268.10929286818055
          },
          "end": {
            "x": 436.33283729170194,
            "y": 348.03553936894474
          },
          "width": 55,
          "color": {
            "r": 128,
            "g": 0,
            "b": 128,
            "a": 255
          },
          "is_masked": false,
          "attached_to": [
            3
          ],
          "has_circles": [
            true,
            true
          ]
        },
        {
          "layer_name": "1_4",
          "start": {
            "x": 436.33283729170194,
            "y": 348.03553936894474
          },
          "end": {
            "x": 351.1971454609299,
            "y": 210.73326707712934
          },
          "width": 55,
          "color": {
            "r": 128,
            "g": 0,
            "b": 128,
            "a": 255
          },
          "is_masked": false,
          "attached_to": [
            4
          ],
          "has_circles": [
            true,
            true
          ]
        },
        {
          "layer_name": "1_5",
          "start": {
            "x": 351.1971454609299,
            "y": 210.73326707712934
          },
          "end": {
            "x": 483.7180627837605,
            "y": 171.57756487080678
          },
          "width": 55,
          "color": {
            "r": 128,
            "g": 0,
            "b": 128,
            "a": 255
          },
          "is_masked": false,
          "attached_to": [],
          "has_circles": [
            true,
            false
          ]
        }
      ]
    }
  }
}